Företagsnamn	Typ	Finansiär	Belopp	Mottaget datum	Anteckning
Equiesum AB	De minimis	Sprint X TVV De minimis	30000	2026-03-31	Origami makers teamutvecklingsinsats Sprint X 2
Equiesum AB	De minimis	Sprint X TVV De minimis	4446	2026-03-31	Buss och logi techarena
Enava AB	De minimis	Vinnova Excellensmedel	14743	2026-03-31
Fixkod AB	Ägarkapital	Nyemission	500000	2026-03-30	Tregion
Machindex AB	De minimis	Sprint X TVV De minimis	6537	2026-02-06	Aktiviteter inom ramen för Sprint X 2 juli-dec 2025
EduFuture Europe AB	De minimis	Sprint X TVV De minimis	21605	2026-02-06	Aktiviteter inom ramen för Sprint X 2 juli-dec 2025
RE EdTech AB	Excellensmedel	Vinnova Excellensmedel	12070	2026-01-31	Slutfaktura Affärsjuridik Barzey law
Konstraktor i Gävle AB	Excellensmedel	Vinnova Excellensmedel	1403	2025-12-31	Workshop IP strategi Rouse
EqLab	Excellensmedel	Vinnova Excellensmedel	2903	2025-12-31	Workshop IP strategi med Rouse samt utb PRV
CADcog AB	De minimis	Sprint X TVV De minimis	29637	2025-12-31	Aktiviteter inom ramen för Sprint X 2 juli-dec 2025
Angels network AB	Excellensmedel	Vinnova Excellensmedel	2903	2025-12-31	Workshop IP strategi samt PRV utbildning
Enava AB	De minimis	Vinnova Excellensmedel	112651	2025-12-31	Excellensstöd - checkar samt intern tid juli-dec 2025
Hydrogen Lift Sweden AB	De minimis	Sprint X TVV De minimis	34687	2025-12-31	Aktiviteter inom ramen för Sprint X 2 juli-dec 2025
ProTime Sport AB	De minimis	Sprint X TVV De minimis	25369	2025-12-31	Aktiviteter inom ramen för Sprint X 2 juli-dec 2025
Konstraktor i Gävle AB	Excellensmedel	Vinnova Excellensmedel	2550	2025-12-31	Vesting avtal Barzey law
ProTime Sport AB	Excellensmedel	Vinnova Excellensmedel	1403	2025-12-31	Workshop IP strategi Rouse
Polletten AB	Excellensmedel	Vinnova Excellensmedel	1403	2025-12-31	Workshop IP strategi Rouse
Happymaker AB	De minimis	Sprint X TVV De minimis	9720	2025-12-31	Aktiviteter inom ramen för Sprint X 2 juli-dec 2025
EqLab	De minimis	Sprint X TVV De minimis	13490	2025-12-31	Aktiviteter inom ramen för Sprint X 2 juli-dec 2025
RE EdTech AB	De minimis	Sprint X TVV De minimis	8035	2025-12-31	Aktiviteter inom ramen för Sprint X 2 juli-dec 2025
Angels network AB	De minimis	Sprint X TVV De minimis	4678	2025-12-31	Aktiviteter inom ramen för Sprint X 2 juli-dec 2025
Fixkod AB	De minimis	Sprint X TVV De minimis	20298	2025-12-31	Aktiviteter inom ramen för Sprint X 2 juli-dec 2025
Car Wash'ap AB (Green Clean car wash Sweden AB)	De minimis	Sprint X TVV De minimis	10467	2025-12-31	Aktiviteter inom ramen för Sprint X 2 juli-dec 2025
Polletten AB	Excellensmedel	Vinnova Excellensmedel	73000	2025-12-31	Barzey law affärsjuridik 70 000kr plus PRV utb 3000kr
ProTime Sport AB	Excellensmedel	Vinnova Excellensmedel	3775	2025-12-31	Paralegal Barzey law
Söderström Group AB	De minimis	Sprint X TVV De minimis	8835	2025-12-31	Aktiviteter inom ramen för Sprint X 2 juli-dec 2025
NESP Sweden AB	Excellensmedel	Vinnova Excellensmedel	1403	2025-12-31	Workshop IP strategi Rouse
Gefle Bryggeri AB	De minimis	Sprint X TVV De minimis	8852	2025-12-31	Aktiviteter inom ramen för Sprint X 2 juli-dec 2025
Revolvision AB	De minimis	Sprint X TVV De minimis	7530	2025-12-31	Aktiviteter inom ramen för Sprint X 2 juli-dec 2025
Control Edge AB	De minimis	Annan (ange vilken)	125000	2025-12-31	Propell/Rise för stöd och kontorsplats
NESP Sweden AB	De minimis	Sprint X TVV De minimis	36720	2025-12-31	Aktiviteter inom ramen för Sprint X 2 juli-dec 2025
Agroclimate Sweden AB	De minimis	Sprint X TVV De minimis	14497	2025-12-31	Aktiviteter inom ramen för Sprint X 2 juli-dec 2025
Happymaker AB	Excellensmedel	Vinnova Excellensmedel	17000	2025-12-31	Utökning av uppdrag GDPR och datahantering Barzey Law
Polletten AB	De minimis	Sprint X TVV De minimis	6418	2025-12-31	Aktiviteter inom ramen för Sprint X 2 juli-dec 2025
RE EdTech AB	Excellensmedel	Vinnova Excellensmedel	1403	2025-12-31	Workshop IP strategi Rouse
Happymaker AB	Excellensmedel	Vinnova Excellensmedel	17700	2025-12-31	Anv villkor Engelska Barzey law
RE EdTech AB	Excellensmedel	Vinnova Excellensmedel	22780	2025-12-31	Affärsjuridik Barzey law
EduFuture Europe AB	Bidrag	Annan (ange vilken)	100000	2025-12-17	Ahlgrens Fond
RE EdTech AB	Bidrag	ALMI	50000	2025-12-01	Valideringsmedel från ALMI
Agroclimate Sweden AB	Bidrag	Vinnova Utlysning	1000000	2025-11-03	Vinnova Deep Tech
Angels network AB	Lån	ALMI	400000	2025-10-08	Innovationslån
Angels network AB	Lån	Annan (ange vilken)	100000	2025-10-08	Nya lånet
Agroclimate Sweden AB	Lån	ALMI	500000	2025-09-30	nya lånet + innovationslån
CADcog AB	Lån	ALMI	500000	2025-09-30	Nya lånet + innovationslån
ProTime Sport AB	Ägarkapital	Nyemission	3988336	2025-09-17	Oklart datum
Ifeanyi Obiano	Bidrag	ALMI	50000	2025-09-04	Valideringsmedel. Kan eventuell höjas till 100000 kr
NESP Sweden AB	De minimis	Sprint X TVV De minimis	135800	2025-06-30	Sprint X 2.0 insatser 20250101-20250630
Enava AB	De minimis	Sprint X TVV De minimis	6381	2025-06-30	Sprint X 2 intern tid och externa insatser 20250101-20250630
Solask Energi AB	De minimis	Movexum De minimis	89000	2025-06-30	MVB med Human kommunikation 45 000kr + 44 000kr
Agroclimate Sweden AB	De minimis	Sprint X TVV De minimis	5106	2025-06-30	Sprint X 2 insatser 20250101-20250630
EqLab	De minimis	Sprint X TVV De minimis	20159	2025-06-30	Sprint X 2 insatser 20250310-20250630
DevUp Solution AB	De minimis	Sprint X TVV De minimis	2722	2025-06-30	Sprint x 2 insatser 20250101-20250630
EduFuture Europe AB	De minimis	Sprint X TVV De minimis	63911	2025-06-30	Sprint X 2.0 intern tid och externa insatser 20250101-20250630
Invite To Do AB	De minimis	Sprint X TVV De minimis	12135	2025-06-30	Sprint x 2 intern och externa insatser 20250101-20250331
CADcog AB	De minimis	Sprint X TVV De minimis	42123	2025-06-30	Sprint X 2 insatser 20250101-20250630 externa kostnader samt intern tid
Revolvision AB	De minimis	Sprint X TVV De minimis	30417	2025-06-30	Sprint X 2 insatser 20250101-20250630
Söderström Group AB	De minimis	Sprint X TVV De minimis	32847	2025-06-30	Sprint X 2.0 insatser 20250101-20250630
Konstraktor i Gävle AB	De minimis	Movexum De minimis	19000	2025-06-30	Sprint X 2 insatser intern tid samt externa insatser 20250101-20250630
Hydrogen Lift Sweden AB	De minimis	Sprint X TVV De minimis	15848	2025-06-30	Sprint X 2.0 intern tid och externa insatser 20250101-20250630
Happymaker AB	De minimis	Sprint X TVV De minimis	50760	2025-06-30	Sprint X 2.0 insatser 20250101-20250630
Friggy AB	De minimis	Sprint X TVV De minimis	9680	2025-06-30	Sprint x 2 insatser 20250101-20250630
Car Wash'ap AB (Green Clean car wash Sweden AB)	De minimis	Sprint X TVV De minimis	30125	2025-06-30	Sprint X 2 insatser 20250201-20250630
Angels network AB	De minimis	Sprint X TVV De minimis	6785	2025-06-30	Sprint X 2 insatser 20250201-20250630
Fixkod AB	De minimis	Sprint X TVV De minimis	95869	2025-06-30	Sprint X 2.0 insatser intern tid och externt 20250101-20250630
ProTime Sport AB	De minimis	Sprint X TVV De minimis	39881	2025-06-30	Sprint x 2 intern tid och externa insatser 20250101-20250630
Polletten AB	De minimis	Sprint X TVV De minimis	7021	2025-06-30	Sprint X 2.0 insatser 20250307-20250630
Solask Energi AB	De minimis	Sprint X TVV De minimis	11780	2025-06-30	Stöd med hållbarhets workshop, Go west samt intern tid 20250101-20250630
Car Wash'ap AB (Green Clean car wash Sweden AB)	Innovationscheck	Region Gävleborg verifieringsmedel	400000	2025-06-10
Car Wash'ap AB (Green Clean car wash Sweden AB)	Ägarkapital	Riskkapital	1830000	2025-06-10	Nyemission med 2 privata ägare
Angels network AB	Bidrag	ALMI	50000	2025-05-23	Verifieringsmedel
Fixkod AB	Bidrag	Region Gävleborg verifieringsmedel	100000	2025-05-20
Actsport AB	De minimis	Sprint X TVV De minimis	28230	2025-04-30	Sprint x 2 aktiviteter inkl intern tid 2501-2504
Dirty Peach Design AB	De minimis	Sprint X TVV De minimis	17455	2025-04-30	Insatser Sprint X 2.0 202501-202504
Climate Champ	De minimis	Sprint X TVV De minimis	121269	2025-04-30	Insatser inom ramen för Sprint X 2 jan-april 2025, insatser samt intern tid (Adderat insatser hållbarhet )
Dirty Peach Design AB	Excellensmedel	Vinnova Excellensmedel	1500	2025-04-30	PRV inför IP check
Dirty Peach Design AB	Excellensmedel	Vinnova Excellensmedel	100000	2025-04-30	Rouse IP strategi
EduFuture Europe AB	Bidrag	Annan (ange vilken)	63000	2025-04-25	Bolaget har vunnit flera priser i Cozad New venture Challenge i USA.
Fixkod AB	Lån	Riskkapital	500000	2025-04-15	Konvertibellån från ny ägare
Fixkod AB	Lån	ALMI	500000	2025-03-31
Enava AB	De minimis	Vinnova Excellensmedel	55000	2025-03-20	Barzey law tot beviljat 120 000kr tidigare fakturerat 25 000kr
Bioski AB	Innovationscheck	Vinnova Innovationscheck via SISP	100000	2025-01-27	Genomfört IP strategi med Rouse - innovationscheck 100 000kr inkl moms
Actsport AB	De minimis	Region Gävleborg verifieringsmedel	100000	2025-01-22	Region Gävleborg verifieringsmedel beviljade 2025-01
Söderström Group AB	Innovationscheck	Annan (ange vilken)	100000	2025-01-22	Innovationscheck via Sandbacka Science park IP strategi
Fixkod AB	Ägarkapital	Nyemission	560000	2025-01-01
DevUp Solution AB	De minimis	Sprint X TVV De minimis	16568	2024-12-31	Insatser och nedlagd tid Sprint x 2 juli-dec 2024
Dirty Peach Design AB	De minimis	Sprint X TVV De minimis	9022	2024-12-31	Insatser och nedlagd tid Sprint x 2 juli-dec 2024
Car Wash'ap AB (Green Clean car wash Sweden AB)	De minimis	Sprint X TVV De minimis	10798	2024-12-31	Insatser och nedlagd tid Sprint x 2 juli-dec 2024
Affärskompetens Sverige AB	De minimis	Sprint X TVV De minimis	21745	2024-12-31	Insatser och tid nedlagd av personal juli-dec 2024 Sprint X 2.0
Happymaker AB	De minimis	Sprint X TVV De minimis	9349	2024-12-31	Insatser och nedlagd tid Sprint x 2 juli-dec 2024
Invite To Do AB	De minimis	Sprint X TVV De minimis	18436	2024-12-31	Aktiviteter och intern tid sprint x 2 juli-dec 2024
Fixkod AB	De minimis	Sprint X TVV De minimis	33116	2024-12-31	Insatser och nedlagd tid Sprint x 2 juli-dec 2024
Hydrogen Lift Sweden AB	De minimis	Sprint X TVV De minimis	25022	2024-12-31	Aktiviteter och intern tid Sprint x 2 juli-dec 2024
EduFuture Europe AB	De minimis	Sprint X TVV De minimis	27628	2024-12-31	Insatser och nedlagd tid Sprint x 2 juli-dec 2024
Head on nails AB	De minimis	Sprint X TVV De minimis	13049	2024-12-31	Nedlagd tid jan-mars 2024 sprint x 2
NESP Sweden AB	De minimis	Sprint X TVV De minimis	18528	2024-12-31	Insatser och nedlagd tid Sprint x 2 juli-dec 2024
ProTime Sport AB	De minimis	Sprint X TVV De minimis	31454	2024-12-31	Insatser och tid nedlagd av personal juli-dec 2024 Sprint X 2.0
Solask Energi AB	De minimis	Sprint X TVV De minimis	41970	2024-12-31	Insatser och tid nedlagd av personal juli-dec 2024 Sprint X 2.0
Actsport AB	De minimis	Sprint X TVV De minimis	24043	2024-12-31	Insatser och tid nedlagd av personal juli-dec 2024 Sprint X 2.0
Erlig AB	De minimis	Sprint X TVV De minimis	15107	2024-12-31	Insatser och nedlagd tid Sprint x 2 juli-nov 2024
Agroclimate Sweden AB	De minimis	Sprint X TVV De minimis	8172	2024-12-31	Insatser och nedlagd tid Sprint x 2 juli-dec 2024
Söderström Group AB	De minimis	ALMI	25000	2024-12-31	Fått stöd från Almi 25 000kr söker 25 000kr till
Wellgo Health AB	De minimis	Sprint X TVV De minimis	65472	2024-12-31	Insatser och tid nedlagd av personal juli-dec 2024 Sprint X 2.0
Söderström Group AB	De minimis	Movexum De minimis	30000	2024-12-31	Beviljat 30 000kr för affärsjuridiska insatser med Barzey Law
Sin Fin Concrete i Scandiavien AB	De minimis	Sprint X TVV De minimis	23825	2024-12-31	Insatser och nedlagd tid Sprint x 2 juli-dec 2024
Söderström Group AB	De minimis	Sprint X TVV De minimis	16172	2024-12-31	Insatser och nedlagd tid Sprint x 2 juli-dec 2024
Climate Champ	De minimis	Sprint X TVV De minimis	33133	2024-12-31	Insatser och tid nedlagd av personal juli-dec 2024 Sprint X 2.0
PepperVault AB	De minimis	Sprint X TVV De minimis	21745	2024-12-31	Insatser och tid nedlagd av personal juli-dec 2024 Sprint X 2.0
Konstraktor i Gävle AB	De minimis	Sprint X TVV De minimis	26625	2024-12-31	Insatser och nedlagd tid Sprint x 2 juli-dec 2024
CADcog AB	De minimis	Sprint X TVV De minimis	44282	2024-12-31	Insatser och tid nedlagd av personal juli-dec 2024 Sprint X 2.0
Enava AB	De minimis	Sprint X TVV De minimis	16757	2024-12-31	Insatser och tid nedlagd av personal juli-dec 2024 Sprint X 2.0
Hydrogen Lift Sweden AB	De minimis	Annan (ange vilken)	52000	2024-12-16	GAP analys o rådgivning RISE  (Mighty Edih)
Hydrogen Lift Sweden AB	Ägarkapital	Nyemission	7000000	2024-12-15
Dirty Peach Design AB	Bidrag	Annan (ange vilken)	170000	2024-12-13	Ahlgrens stipendium för internationalisering
Hydrogen Lift Sweden AB	Innovationscheck	Vinnova Innovationscheck via SISP	471000	2024-12-12	Infrastrukturcheck beviljad 2024-12-12 471 000kr inkl moms via Rise - klart maj 2024 senast
Enava AB	De minimis	Vinnova Excellensmedel	16000	2024-12-09	Videa film
Agroclimate Sweden AB	Excellensmedel	Vinnova Excellensmedel	25000	2024-11-30	Barzey Law - NDA
Revolvision AB	Innovationscheck	Annan (ange vilken)	252575	2024-11-22	Investeringsstöd från Region Gävleborg 2022-2024, innan intag i inkubatorn.
Happymaker AB	Ägarkapital	Annan (ange vilken)	580000	2024-11-13	Oklart datum
Enava AB	De minimis	Vinnova Excellensmedel	5610	2024-10-31	Barzey law tidigare fakturerat 15 640kr slutfakturerat
Konstraktor i Gävle AB	Excellensmedel	Vinnova Excellensmedel	20000	2024-09-30	affärscoachning Andreas september (origami makers)
Invite To Do AB	Excellensmedel	Vinnova Excellensmedel	1700	2024-09-30	Delfaktura Barzey law - upphandlingsjuridik - tot bev 10 000kr
Dirty Peach Design AB	Excellensmedel	Vinnova Excellensmedel	40000	2024-09-30	Delfakturerat Barzey law - tot bev 100 000kr - fakturerat 90 000kr
Affärskompetens Sverige AB	Excellensmedel	Vinnova Excellensmedel	20000	2024-09-30	affärscoachning september - Andreas (origami makers)
Happymaker AB	Excellensmedel	Vinnova Excellensmedel	20000	2024-09-30	affärscoachning september Andreas (origami makers)
Enava AB	Lån	ALMI	200000	2024-09-30	Almi + nya lånet
EduFuture Europe AB	Excellensmedel	Vinnova Excellensmedel	20060	2024-09-30	Barzey law - beviljat 50 000kr delfakturerat affärsjuridik
Konstraktor i Gävle AB	Lån	ALMI	200000	2024-09-30	Almi + nya lånet
Enava AB	De minimis	Vinnova Excellensmedel	25000	2024-09-30	Affärsjuridiskt stöd tvist - Barzey law
Enava AB	De minimis	Vinnova Excellensmedel	12500	2024-09-12	Delfaktura Lindahls - tot beviljat 100 000kr 15 500+12500 fakturerat
PepperVault AB	Excellensmedel	Vinnova Excellensmedel	39100	2024-09-12	Lindahls slutfaktura affärsjuridik
Affärskompetens Sverige AB	Excellensmedel	Vinnova Excellensmedel	15000	2024-08-31	Affärscoachning augusti Andreas ( origami makers)
Polletten AB	Excellensmedel	Vinnova Excellensmedel	7500	2024-08-31	Affärscoachning Andreas augusti (origami makers)
PepperVault AB	Excellensmedel	Vinnova Excellensmedel	45000	2024-08-31	Säljstrategi Human kommunikation beviljat 89 000kr delfakturerat
Konstraktor i Gävle AB	Excellensmedel	Vinnova Excellensmedel	15000	2024-08-31	Affärscoachning Andreas augusti (origami makers)
Dirty Peach Design AB	Excellensmedel	Vinnova Excellensmedel	50000	2024-08-31	Barzey law affärsjuridik - beviljat stöd 100 000kr - delfakturerad
Fredrik Nurms	Excellensmedel	Vinnova Excellensmedel	7500	2024-08-31	affärscoachning Augusti Andreas (origami makers)
Enava AB	De minimis	Vinnova Excellensmedel	15640	2024-08-31	Barzey law affärsjuridik
Happymaker AB	Excellensmedel	Vinnova Excellensmedel	15000	2024-08-31	affärscoachning Andreas Augusti (origami makers)
Sin Fin Concrete i Scandiavien AB	Excellensmedel	Vinnova Excellensmedel	9400	2024-08-31	Delfaktura Barzey affärsjuridik - 16330+9400=25 730 av 40 000kr
EduFuture Europe AB	Bidrag	ALMI	50000	2024-08-30	Verifieringspeng
Actsport AB	Excellensmedel	Vinnova Excellensmedel	75240	2024-07-31	Slutfaktura Barzey Law - beviljat 75000kr
Enava AB	Excellensmedel	Vinnova Excellensmedel	25000	2024-07-31	Beviljat stöd affärsjuridik tot 120 000kr - delfaktura
PepperVault AB	Excellensmedel	Vinnova Excellensmedel	1970	2024-07-31	Slutfaktura Barzey law
Sin Fin Concrete i Scandiavien AB	Excellensmedel	Vinnova Excellensmedel	2470	2024-07-01	Delfaktura Barzey law affärsjuridiskt stöd
Affärskompetens Sverige AB	Excellensmedel	Vinnova Excellensmedel	1280	2024-07-01	Delfaktura Barzey law - beviljat 40 000kr
Happymaker AB	De minimis	Sprint X TVV De minimis	2736	2024-06-30	Insatser och nedlagd tid Sprint x 2 jan-juni 2024
ProTime Sport AB	De minimis	Sprint X TVV De minimis	23010	2024-06-30	Insatser och tid nedlagd av personal jan-juni 2024 Sprint X 2.0
Affärskompetens Sverige AB	Excellensmedel	Vinnova Excellensmedel	15000	2024-06-30	Affärscoachning Andreas juni (Origami makers)
Solask Energi AB	De minimis	Sprint X TVV De minimis	40906	2024-06-30	Insatser och tid nedlagd av personal jan-juni 2024 Sprint X 2.0
Erlig AB	De minimis	Sprint X TVV De minimis	7499	2024-06-30	Insatser och nedlagd tid Sprint x 2 jan-juni 2024
Dirty Peach Design AB	De minimis	Sprint X TVV De minimis	17887	2024-06-30	Insatser och nedlagd tid Sprint x 2 jan-juni 2024
NESP Sweden AB	De minimis	Sprint X TVV De minimis	2736	2024-06-30	Insatser och nedlagd tid Sprint x 2 jan-juni 2024
Invite To Do AB	De minimis	Sprint X TVV De minimis	12884	2024-06-30	Aktiviteter och intern tid Sprint x 2 jan-juni 2024
Enava AB	De minimis	Sprint X TVV De minimis	36104	2024-06-30	Insatser och nedlagd tid personal Sprint x 2.0 jan-juni 2024
Agroclimate Sweden AB	De minimis	Sprint X TVV De minimis	2736	2024-06-30	Insatser och nedlagd tid Sprint x 2 jan-juni 2024
Happymaker AB	Excellensmedel	Vinnova Excellensmedel	15000	2024-06-30	Affärscoachning Andreas - juni
Konstraktor i Gävle AB	Excellensmedel	Vinnova Excellensmedel	15000	2024-06-30	Affärscoachning - Andreas juni
PepperVault AB	De minimis	Sprint X TVV De minimis	42943	2024-06-30	Insatser och tid nedlagd av personal jan-juni 2024 Sprint X 2.0
Climate Champ	De minimis	Sprint X TVV De minimis	13330	2024-06-30	Insatser och tid nedlagd av personal jan-juni 2024 Sprint X 2.0
Konstraktor i Gävle AB	De minimis	Sprint X TVV De minimis	14943	2024-06-30	Insatser och nedlagd tid Sprint x 2 jan-juni 2024
Sin Fin Concrete i Scandiavien AB	De minimis	Sprint X TVV De minimis	24411	2024-06-30	Insatser och nedlagd tid Sprint x 2 jan-juni 2024
Fixkod AB	De minimis	Sprint X TVV De minimis	2911	2024-06-30	Insatser och nedlagd tid Sprint x 2 jan-juni 2024
Actsport AB	De minimis	Sprint X TVV De minimis	28477	2024-06-30	Insatser och tid nedlagd av personal jan-juni 2024 Sprint X 2.0
Best 2 Clean Sweden AB	De minimis	Sprint X TVV De minimis	7674	2024-06-30	Nedlagd tid och insatser sprint x 2 jan-juni 2024
Intrest (Linkapp AB)	De minimis	Sprint X TVV De minimis	14497	2024-06-30	insatser och nedlagd tid sprint x 2 jan-juni 2024
Intrest (Linkapp AB)	Excellensmedel	Vinnova Excellensmedel	15000	2024-06-30	Affärscoachning juni Andreas
EduFuture Europe AB	De minimis	Sprint X TVV De minimis	2736	2024-06-30	Insatser och nedlagd tid Sprint x 2 jan-juni 2024
Hydrogen Lift Sweden AB	De minimis	Sprint X TVV De minimis	14497	2024-06-30	Sprint X 2 aktiviteter samt intern tid 202401-202406
CADcog AB	De minimis	Sprint X TVV De minimis	14497	2024-06-30	Insatser och tid nedlagd av personal jan-juni 2024 Sprint X 2.0
Affärskompetens Sverige AB	De minimis	Sprint X TVV De minimis	61030	2024-06-30	Insatser och tid nedlagd av personal jan-juni 2024 Sprint X 2.0
Wellgo Health AB	De minimis	Sprint X TVV De minimis	41163	2024-06-30	Insatser och tid nedlagd av personal jan-juni 2024 Sprint X 2.0
Intrest (Linkapp AB)	Excellensmedel	Vinnova Excellensmedel	15000	2024-05-31	Affärscoachning maj Andreas
Invite To Do AB	Excellensmedel	Vinnova Excellensmedel	4060	2024-05-31	Slutfaktura Barzey law affärsjuridisk insats
Affärskompetens Sverige AB	Excellensmedel	Vinnova Excellensmedel	15000	2024-05-31	Affärscoachning maj Andreas (Origami makers)
Sin Fin Concrete i Scandiavien AB	Excellensmedel	Vinnova Excellensmedel	12880	2024-05-31	Delfaktura Barzey law - affärsjuridiskt stöd
Konstraktor i Gävle AB	Excellensmedel	Vinnova Excellensmedel	15000	2024-05-31	Affärscoachning maj Andreas (Origami makers)
Happymaker AB	Excellensmedel	Vinnova Excellensmedel	15000	2024-05-31	affärscoachning Andreas maj (Origami makers)
HR Hackarna AB	De minimis	Sprint X TVV De minimis	2232	2024-05-31	Sprint X 2.0 intern tid 202401-202405
Dealpotential AB	Ägarkapital	Riskkapital	5000000	2024-05-28	family office
Enava AB	Excellensmedel	Vinnova Excellensmedel	2500	2024-05-08	Delfaktura Lindahls affärsjuridik
Wellgo Health AB	Excellensmedel	Vinnova Excellensmedel	32100	2024-05-08	Slutfakturering Lindahls affärsjuridiskt insats
HR Hackarna AB	Excellensmedel	Vinnova Excellensmedel	9000	2024-05-08	Slutfaktura Lindahls affärsjuridisk insats
PepperVault AB	Excellensmedel	Vinnova Excellensmedel	10900	2024-05-08	Affärsjuridisk insats Lindahls delfaktura
Invite To Do AB	Excellensmedel	Vinnova Excellensmedel	10930	2024-05-08	Affärsjuridik Barzey law - beviljat stöd 15 000kr - delfaktura
Sin Fin Concrete i Scandiavien AB	Excellensmedel	Vinnova Excellensmedel	980	2024-05-08	Barzey law - affärsjuridik. Beviljat stöd 40 000kr -delfakturerat
Climate Champ	Excellensmedel	Vinnova Excellensmedel	35000	2024-05-06	Fintegrity Scenariovärdering
Konstraktor i Gävle AB	Excellensmedel	Vinnova Excellensmedel	20000	2024-04-30	Affärscoachning april Andreas ( origami makers)
Intrest (Linkapp AB)	Excellensmedel	Vinnova Excellensmedel	20000	2024-04-30	Affärscoachning Andreas april
Happymaker AB	Excellensmedel	Vinnova Excellensmedel	20000	2024-04-30	Affärscoachning april Andreas (Origami makers)
Konstraktor i Gävle AB	Excellensmedel	Vinnova Excellensmedel	10000	2024-04-22	Affärsjuridik - skydd av IP skretessavtal Rouse
Enava AB	Excellensmedel	Vinnova Excellensmedel	13000	2024-04-17	Affärsjuridik Lindahls - Delfakturering
Enava AB	Excellensmedel	Vinnova Excellensmedel	14700	2024-04-17	Styrelseutbildning styrelseakademin
HR Hackarna AB	Excellensmedel	Vinnova Excellensmedel	31000	2024-04-17	Affärsjuridik Lindahls delfakturerad
Wellgo Health AB	Excellensmedel	Vinnova Excellensmedel	17900	2024-04-17	Affärsjuridik Lindahls delfakturerad
Climate Champ	De minimis	Region Gävleborg verifieringsmedel	100000	2024-04-10	Region Gävleborg innovationscheck Oklart datum
Climate Champ	De minimis	ALMI	50000	2024-04-10	Oklart datum
Konstraktor i Gävle AB	Excellensmedel	Vinnova Excellensmedel	4975	2024-03-30	Digital strategi - namn Wilson
Enava AB	Excellensmedel	Vinnova Excellensmedel	35000	2024-03-30	Scenariovärdering Fintegrity
Konstraktor i Gävle AB	Excellensmedel	Vinnova Excellensmedel	45000	2024-03-25	Rouse IP juridik patent
Invite To Do AB	Excellensmedel	Vinnova Excellensmedel	44775	2024-02-28	Digital strategi Wilson
ProTime Sport AB	Excellensmedel	Vinnova Excellensmedel	2425	2024-02-20	Ytterligare förlängning Lindahls, avslutat hos leverantör efter denna faktura
ProTime Sport AB	Excellensmedel	Vinnova Excellensmedel	3875	2024-02-19	Beviljat max 35 000kr för rådgivning kring immaterialrätt Lindahls, utökat till 44115kr KLAR 2023-11-13 ytterligare utökning 3875kr klart 20240220
PepperVault AB	Excellensmedel	Vinnova Excellensmedel	100000	2024-02-15	IP strategi Rouse
T & S Engineering Intelligence AB	Ägarkapital	Riskkapital	1000000	2024-02-06
T & S Engineering Intelligence AB	Ägarkapital	ALMI	2000000	2024-02-06
Wellgo Health AB	Excellensmedel	Vinnova Excellensmedel	1275	2024-01-31	Affärsjuridik Barzey law slutfaktura
HR Hackarna AB	Excellensmedel	Vinnova Excellensmedel	1500	2024-01-31	PRV utb inför IP strategi
PepperVault AB	Excellensmedel	Vinnova Excellensmedel	8500	2024-01-31	Barzey law utökat för användarvillkor svenska - beviljat utökning till 35 000kr 25000+8500 - delfakturerad
Climate Champ	Excellensmedel	Vinnova Excellensmedel	4760	2024-01-31	Barzey law  affärsjuridik
Intrest (Linkapp AB)	Excellensmedel	Vinnova Excellensmedel	30000	2024-01-30	Digital strategi wilson creative slutfakturerad
T & S Engineering Intelligence AB	Excellensmedel	Vinnova Excellensmedel	75000	2024-01-29	Lindahls affärsjuridik utökat för split
ProTime Sport AB	Excellensmedel	Vinnova Excellensmedel	80000	2024-01-28	Instasport IP juridik Rouse
Actsport AB	Excellensmedel	Vinnova Excellensmedel	100000	2024-01-28	IP strategi fas a-c Rouse
ProTime Sport AB	Excellensmedel	Vinnova Excellensmedel	1875	2024-01-18	Lindahls affärsjuridik fortsättning
HR Hackarna AB	Excellensmedel	Vinnova Excellensmedel	14500	2024-01-10	Lindahls affärsjuridik slutfaktura
Affärskompetens Sverige AB	Excellensmedel	Vinnova Excellensmedel	21000	2024-01-04	We know it utveckling - delfaktura
HR Hackarna AB	De minimis	Sprint X TVV De minimis	18509	2023-12-31	Sprint X 2.0 intern tid samt aktiviteter (Team - Business insight) 202307-202312
Best 2 Clean Sweden AB	Excellensmedel	Vinnova Excellensmedel	38149	2023-12-31	Excellensstöd intern tid - affärscoachning etc.
Head on nails AB	De minimis	Sprint X TVV De minimis	21079	2023-12-31	Sprint X 2.0 de minimis tid för intern personal juli-dec 2023 - 21 079kr
HR Hackarna AB	Excellensmedel	Vinnova Excellensmedel	22889	2023-12-31	Excellensstöd intern tid 2023
Wellgo Health AB	De minimis	Sprint X TVV De minimis	16547	2023-12-30	Aktiviteter samt tid intern personal Sprint X 2.0 juli-dec 2023
Intrest (Linkapp AB)	De minimis	Sprint X TVV De minimis	54149	2023-12-30	Deltagande i aktiviteter samt tid intern personal Sprint X 2.0 juli-dec 2023 (Slush, demoday - Kapital, business insight - Team)
CADcog AB	De minimis	Sprint X TVV De minimis	3466	2023-12-30	Deltagande i aktiviteter samt intern tid projektledare Sprint X 2.0 juli-dec 2023
Objectide AB	Excellensmedel	Vinnova Excellensmedel	1990	2023-12-30	slutfaktura digital strategi
Head on nails AB	Excellensmedel	Vinnova Excellensmedel	40795	2023-12-30	Digital strategi wilson
ProTime Sport AB	De minimis	Sprint X TVV De minimis	54579	2023-12-30	Deltagande i aktiviteter samt tid intern personal Sprint X 2.0 juli-dec 2023 (Slush - internationalisering, business insight - Kapital  )
Dealpotential AB	Ägarkapital	Riskkapital	3410000	2023-12-30
Invite To Do AB	De minimis	Sprint X TVV De minimis	10353	2023-12-30	Deltagande i aktiviteter samt tid intern personal Sprint X 2.0
Actsport AB	De minimis	Sprint X TVV De minimis	18509	2023-12-30	Deltagande i aktiviteter samt tid personal Sprint X 2.0 juli-dec 2023
Affärskompetens Sverige AB	De minimis	Sprint X TVV De minimis	21079	2023-12-30	Deltagande i aktiviteter samt tid intern personal Sprint X 2.0 juli-dec 2023
Hydrogen Lift Sweden AB	De minimis	Sprint X TVV De minimis	21079	2023-12-30	Deltagande i aktiviteter samt tid intern personal Sprint X 2.0 juli-dec 2023
PepperVault AB	De minimis	Sprint X TVV De minimis	23394	2023-12-30	Deltagande i aktiviteter samt tid intern personal Sprint X 2.0 juli-dec 2023 (Business insight Team, Slush - internationalisering)
Enava AB	De minimis	Sprint X TVV De minimis	56745	2023-12-30	Deltagande i aktiviteter samt tid intern personal Sprint X 2.0 juli-dec 2023 (Rekryteringstjänst - Team, Business insight - Team, Resekostnader Go West - Kapital, Demoday - Kapital)
T & S Engineering Intelligence AB	De minimis	Sprint X TVV De minimis	31801	2023-12-30	Deltagande i aktiviteter samt tid intern personal Sprint X 2.0 juli-dec 2023 (slush - internationalisering, Demoday - Kapital, )
Solask Energi AB	De minimis	Sprint X TVV De minimis	36017	2023-12-30	Deltagande i aktiviteter samt tid intern personal Sprint X 2.0 juli-dec 2023
Climate Champ	De minimis	Sprint X TVV De minimis	12672	2023-12-30	Deltagande i aktiviteter samt tid intern personal Sprint X 2.0 okt- dec 2023
Best 2 Clean Sweden AB	De minimis	Sprint X TVV De minimis	36017	2023-12-30	Deltagande i aktiviteter samt tid intern personal Sprint X 2.0 (Rekryteringstjänst - Team, business insight Team)
Dealpotential AB	De minimis	Sprint X TVV De minimis	5454	2023-12-30	Deltagande i aktiviteter samt tid intern personal Sprint X 2.0 (Go west resa - Kapital )
Climate Champ	Excellensmedel	Vinnova Excellensmedel	15640	2023-12-29	Barzey law affärsjuridik - delfaktura
Wellgo Health AB	Excellensmedel	Vinnova Excellensmedel	35300	2023-12-29	Affärsjuridik Barzey law delfaktura
Intrest (Linkapp AB)	Excellensmedel	Vinnova Excellensmedel	35000	2023-12-18	Beviljat 50 000kr Lindahls affärsjuridik - fakturerat 35 000kr 20231219
Wellgo Health AB	Excellensmedel	Vinnova Excellensmedel	100000	2023-12-18	Rouse - IP strategi fas ABC
ProTime Sport AB	Excellensmedel	Vinnova Excellensmedel	2950	2023-12-18	Affärsjuridik Lindahls
Konstraktor i Gävle AB	Excellensmedel	Vinnova Excellensmedel	15000	2023-12-18	Rouse AB - Nyhetsgranskning
Head on nails AB	Excellensmedel	Vinnova Excellensmedel	36000	2023-12-17	kundresan Expedition Mondial.
Dealpotential AB	Excellensmedel	Vinnova Excellensmedel	112616	2023-12-14	Resa USA kaptial 2 tillfällen
PepperVault AB	Bidrag	Annan (ange vilken)	60000	2023-12-06	Bo Malmgrens Minnes fond via Mellansvenska Handelskammaren
PepperVault AB	Bidrag	Annan (ange vilken)	200000	2023-12-06	Ahlgrens Donationsfond
Invite To Do AB	Excellensmedel	Vinnova Excellensmedel	40000	2023-11-30	Beviljad 80 000kr fas B o C IP check Eris law. LEverantör fakturerat i okt men ej levererat! Fakturan hölls fram till dec för ett godkännande av leverans först. Godkänt 40 000kr
Wellgo Health AB	Excellensmedel	Vinnova Excellensmedel	17850	2023-11-29	Beviljad 50 000kr Barzey delfakturerat 17850kr 231130
Head on nails AB	Excellensmedel	Vinnova Excellensmedel	15000	2023-11-29	Barzey - affärsjuridik
Hydrogen Lift Sweden AB	Innovationscheck	Vinnova Innovationscheck via SISP	100000	2023-11-22	IP strategi - innovationscheck
ProTime Sport AB	Ägarkapital	Nyemission	6660593	2023-11-16
ProTime Sport AB	Excellensmedel	Vinnova Excellensmedel	44115	2023-11-12	Beviljat max 35 000kr för rådgivning kring immaterialrätt Lindahls, utökat till 44115kr KLAR 2023-11-13
Objectide AB	Excellensmedel	Vinnova Excellensmedel	29850	2023-10-30	Digital strategi Wilson creative
Best 2 Clean Sweden AB	De minimis	Sprint X TVV De minimis	30000	2023-10-30	Origami makers team rekrytering
PepperVault AB	Bidrag	Vinnova Utlysning	300000	2023-10-25	Innovativa Impact Startup del 1
T & S Engineering Intelligence AB	Excellensmedel	Vinnova Excellensmedel	44000	2023-10-23	Juridiskt stöd beviljat 40 000kr upparbetat 230704 17700kr 20231024 26300kr klart!
Dealpotential AB	Excellensmedel	Vinnova Excellensmedel	5620	2023-10-19	Lokal USA - kontorsplats
Konstraktor i Gävle AB	De minimis	ALMI	50000	2023-10-15
Affärskompetens Sverige AB	Excellensmedel	Vinnova Excellensmedel	7490	2023-10-09	We know IT utveckling
CADcog AB	Bidrag	Vinnova Utlysning	931000	2023-10-03	Vinnova "Framväxande tekniklösningar steg 1 2023".
Affärskompetens Sverige AB	Excellensmedel	Vinnova Excellensmedel	28175	2023-09-30	Barzey advokatbyrå beviljat 40 000kr delfakturerat 27 750kr 2023-10-01 425kr fakturerat 2023-11-30
PepperVault AB	Excellensmedel	Vinnova Excellensmedel	25000	2023-09-29	Beviljat 25 000kr för anv villkor svenska slutfakturerad - Barzey
Daniel Kron	De minimis	Jag har en idé TVV De minimis	50000	2023-09-29	We know IT  utveckling
PepperVault AB	Excellensmedel	Vinnova Excellensmedel	76620	2023-09-29	Slutfakturerat 76620kr tot beviljat 77 000kr Barzey
Swedloop	De minimis	Jag har en idé TVV De minimis	15000	2023-09-28	Lindahls affärsjuridiskt stöd avtal och förhandling
CADcog AB	Excellensmedel	Vinnova Excellensmedel	50000	2023-09-26	Lindahl Juridiska tjänster - klart 20230927
Dealpotential AB	Excellensmedel	Vinnova Excellensmedel	27100	2023-09-14	Lingmerths resebyrå - resa USA kapital
PepperVault AB	De minimis	Annan (ange vilken)	20000	2023-09-10	Skapa priset
T & S Engineering Intelligence AB	Excellensmedel	Vinnova Excellensmedel	100000	2023-09-07	Beviljat 100 000kr fas a klar 230726 20 000kr fas b och fas c klar 20230908 80 000kr
Head on nails AB	Lån	ALMI	250000	2023-09-03	Innovationslån Almi
Invite To Do AB	Excellensmedel	Vinnova Excellensmedel	64250	2023-08-30	Bonde barzey rådgivning kring dataskydd, anv villkor och licensvillkor
La10cy AB	Bidrag	Annan (ange vilken)	300000	2023-08-15	Innovationscheck del 2
ProTime Sport AB	Excellensmedel	Vinnova Excellensmedel	100000	2023-08-08	IP strategi fas a-c KLAR 2023-08-09
Invite To Do AB	Excellensmedel	Vinnova Excellensmedel	20000	2023-07-06	IP strategi fas a-c beviljat 100 000kr fas a klar 20230822 20 000kr
Head on nails AB	Excellensmedel	Vinnova Excellensmedel	105200	2023-07-02	IP Strategi fas A - beviljad 100 000kr fas a-c plus PRV 5200kr
Head on nails AB	De minimis	Sprint X TVV De minimis	99996	2023-06-29	Avslut Sprint X projektet 20220707-20230630 12 mån a 8333kr
La10cy AB	Lån	Nyemission	300000	2023-06-13	Norrlandsfonden konvertibel
Hydrogen Lift Sweden AB	Bidrag	ALMI	35000	2023-06-07
Solask Energi AB	De minimis	ALMI	50000	2023-06-07	Verifieringsmedel Almi
La10cy AB	Lån	Riskkapital	300000	2023-06-06	Tregion Konvertibel
Head on nails AB	De minimis	Annan (ange vilken)	100000	2023-05-31	Innovationsstöd Region Gävleborg
Invite To Do AB	Bidrag	ALMI	40000	2023-05-30
Dealpotential AB	Excellensmedel	Vinnova Excellensmedel	15900	2023-04-18	Styrelseutbildning
Head on nails AB	De minimis	Sprint X TVV De minimis	21368	2023-04-17	Åre kapitalmarknadsdagar
Tini Garments AB	De minimis	Sprint X TVV De minimis	21587	2023-04-17	Åre kapitalmarknadsdagar
JE Marketplace AB	De minimis	Sprint X TVV De minimis	20498	2023-04-17	Åre kapitalmarknadsdagar
PepperVault AB	De minimis	Sprint X TVV De minimis	12095	2023-04-17	Åre kapitalmarknadsdagar
Solask Energi AB	Innovationscheck	Vinnova Innovationscheck via SISP	100000	2023-04-10	IP Strategi beviljat 20230411 genomförs april-maj-juni 2023
ProTime Sport AB	Ägarkapital	Nyemission	1600000	2023-04-04	nyemission
Best 2 Clean Sweden AB	Excellensmedel	Vinnova Excellensmedel	100000	2023-03-29	IP Strategi Fas A,B och C
PepperVault AB	De minimis	Jag har en idé TVV De minimis	26200	2023-03-15	Keeper - ekonomisk rådgivning ombildning till AB med apportegendom Vinst Jag har en idé
T & S Engineering Intelligence AB	De minimis	Sprint X TVV De minimis	10000	2023-03-10	Allies hållbarhetsworkinar
Solask Energi AB	De minimis	Sprint X TVV De minimis	10000	2023-03-10	Allies Hållbarhetsworkinar
Best 2 Clean Sweden AB	De minimis	Sprint X TVV De minimis	10000	2023-03-10	Allies hållbarhetsworkinar
Head on nails AB	De minimis	Sprint X TVV De minimis	10000	2023-03-10	Allies hållbarhetsworkinar
CADcog AB	Excellensmedel	Vinnova Excellensmedel	105200	2023-02-28	IP Strategi fas a-c samt PRV avgift 5200kr
Intrest (Linkapp AB)	Excellensmedel	Vinnova Excellensmedel	100000	2023-02-28	IP strategi fas a-c Rouse AB 100 000kr
Head on nails AB	De minimis	ALMI	50000	2023-02-28	Verifieringsmedel från Almi
Head on nails AB	De minimis	Sprint X TVV De minimis	8284	2023-01-31	Resa Norge utvärdering norska marknaden
La10cy AB	Ägarkapital	Nyemission	112000	2023-01-31
T & S Engineering Intelligence AB	Bidrag	Annan (ange vilken)	45000	2023-01-24	Ahlgrens donationsfond
T & S Engineering Intelligence AB	De minimis	Sprint X TVV De minimis	12500	2023-01-24	Översättning Storisell
La10cy AB	Excellensmedel	Vinnova Excellensmedel	40000	2023-01-24	Check Lindahl (jurist)
Zutobi AB	De minimis	Sprint X TVV De minimis	96000	2023-01-16	Internationalisering - resecheck beviljad. Godkänd av TVV för De minimi från o med 20230117 Upparbetat 2023-02 = 51298kr kvarstår mässkostnad
Intrest (Linkapp AB)	Excellensmedel	Vinnova Excellensmedel	18000	2023-01-12	Konkurrensanalys/Marknadsanalys Nowa genomförd och fakturerad
Solask Energi AB	De minimis	ALMI	6000	2022-12-31	Utveckla ny affär - de minimis Almi
Dealpotential AB	Lån	ALMI	2000000	2022-12-14
Dealpotential AB	Ägarkapital	Nyemission	2000000	2022-12-07
Hydrogen Lift Sweden AB	De minimis	Annan (ange vilken)	475000	2022-12-06	Energimyndigheten - Deminimis?
DevUp Solution AB	Excellensmedel	Vinnova Excellensmedel	72000	2022-11-30	Mondial Tjänstedesign 2 moduler
Head on nails AB	De minimis	Sprint X TVV De minimis	8785	2022-11-30	Resa Torino - internationalisering
T & S Engineering Intelligence AB	De minimis	ALMI	50000	2022-11-30
T & S Engineering Intelligence AB	Excellensmedel	Vinnova Excellensmedel	42000	2022-11-23	Marknadsundersökning nordiska marknaden finland, danmark o norge. Första faktura dec 14000kr (1 land) EB affärsutv sista fakturan 230206 28000kr
Objectide AB	De minimis	Sprint X TVV De minimis	9929	2022-11-16	Resa Slush Helsingfors
Objectide AB	De minimis	Sprint X TVV De minimis	3689	2022-11-16	Deltagaravgift Slush Helsingfors
JE Marketplace AB	Lån	Riskkapital	300000	2022-11-14	Tregion
JE Marketplace AB	Lån	Riskkapital	500000	2022-11-02	Linnea Capital, omvandlas till aktier när nya investeringar uppgår till 750 000
CADcog AB	Excellensmedel	Vinnova Excellensmedel	66810	2022-10-30	Excellence check beviljad 60 000kr för juridiska tjänster, Bonde Barzey - Klart
JE Marketplace AB	Excellensmedel	Vinnova Excellensmedel	45000	2022-10-26	Lindahls rådgivning samarbetspartner/avtal
Head on nails AB	Excellensmedel	Vinnova Excellensmedel	37315	2022-10-18	Bonde barzey juridiskt stöd
La10cy AB	Excellensmedel	Vinnova Excellensmedel	76100	2022-10-18	Incitamentsprogram / GDPR optionsprogram - Lindahls. Beviljat 80 000kr fakturor på 76 100kr mottagits.
Intrest (Linkapp AB)	Bidrag	ALMI	50000	2022-10-12
Best 2 Clean Sweden AB	De minimis	Sprint X TVV De minimis	25000	2022-10-06	Beviljat 25 000kr i Sprint X för resor o logi Helsingfors i december Internationalisering.
Best 2 Clean Sweden AB	De minimis	ALMI	25000	2022-10-03
Best 2 Clean Sweden AB	De minimis	ALMI	20000	2022-10-03
Limearc process AB	Lån	Annan (ange vilken)	2000000	2022-09-30	Norrlandsfonden samt Almi Företagspartner med 1 MSEK var
Dealpotential AB	Excellensmedel	Vinnova Excellensmedel	100000	2022-09-29	IP strategi FAS A 20 000kr Beviljade medel 100 000kr för 3 faser. Rouse AB
Objectide AB	De minimis	Sprint X TVV De minimis	53180	2022-09-29	Affärsjuridiskt stöd Barzey
DevUp Solution AB	Innovationscheck	Vinnova Innovationscheck via SISP	80000	2022-09-28
T & S Engineering Intelligence AB	Excellensmedel	Vinnova Excellensmedel	25500	2022-09-19	Beviljat 20 000kr som max för arbete med digital strategi från Nowa. Första faktura 10 500kr 2022-09-20 andra faktura 15 000kr
Limearc process AB	Ägarkapital	Nyemission	10500000	2022-08-31	Almi Invest samt privata investerare
Tini Garments AB	Excellensmedel	Vinnova Excellensmedel	15900	2022-08-31	Styrelseutbildning (prishöjd)
Samsara Selected AB	Bidrag	Annan (ange vilken)	200000	2022-08-29	Miljöstöd Region Gävleborg 50% av max 400 000kr
Dealpotential AB	Excellensmedel	Vinnova Excellensmedel	26500	2022-08-23	Juridiskt stöd Avtal - Lindahls. Beviljade medel 40 000kr upparbetat 26500kr
JE Marketplace AB	Excellensmedel	Vinnova Excellensmedel	8400	2022-07-06	Keeper Ekonomisk rådgivning
JE Marketplace AB	Excellensmedel	Vinnova Excellensmedel	15000	2022-07-04	Nowa individuell anpassad digital strategi
Dealpotential AB	De minimis	Sprint X TVV De minimis	9960	2022-06-21	Pureact hållbarhetsworkshop
DevUp Solution AB	Excellensmedel	Vinnova Excellensmedel	30000	2022-06-20	Scenariovärdering med Fintegrity
JE Marketplace AB	Excellensmedel	Vinnova Excellensmedel	18921	2022-06-19	Biljett till Slush Helsingfors
Dealpotential AB	Excellensmedel	Vinnova Excellensmedel	24845	2022-06-03	Resa Canada Collision - kapital event där investerare och bolag möts
JE Marketplace AB	Excellensmedel	Vinnova Excellensmedel	40000	2022-05-29	Incitamentsprogram - Lindahls
DevUp Solution AB	De minimis	Sprint X TVV De minimis	60000	2022-05-22	Resa Integrate mässa London juni 2022 = 30k + Resa Slush nov 2022 = 30k
La10cy AB	Excellensmedel	Vinnova Excellensmedel	80000	2022-05-19	IP strategi fas B och C - byte av leverantör pga stort behov av rådgivning kring patent. Rouse AB
JE Marketplace AB	Excellensmedel	Vinnova Excellensmedel	27800	2022-05-12	Styrelseutbildning Styrelseakademin
Tini Garments AB	Excellensmedel	Vinnova Excellensmedel	13900	2022-05-12	Styrelseutbildning styrelseakademin
Dealpotential AB	Excellensmedel	Vinnova Excellensmedel	13900	2022-05-12	Styrelseutbildning Styrelseakademin
Nitiu AB	De minimis	Sprint X TVV De minimis	15000	2022-04-29	Nyhetsgranskning - Rouse
Dealpotential AB	De minimis	Sprint X TVV De minimis	73720	2022-04-18	Deltagaravgift Collision Kanada (mässa)
Dealpotential AB	De minimis	Sprint X TVV De minimis	22288	2022-04-18	Resa Kanada - beviljade resa plus deltagar avgift. Resa Sprint X 22 288kr
Fatha AB	Bidrag	ALMI	45000	2022-04-14
DevUp Solution AB	Excellensmedel	Vinnova Excellensmedel	13900	2022-04-06	Styrelseutbildning via Styrelseakademien
Tini Garments AB	Excellensmedel	Vinnova Excellensmedel	4100	2022-04-05	Juridiskt stöd i kapitalfrågor
Tini Garments AB	Ägarkapital	Nyemission	4200000	2022-03-31	Tregion samt följdinvesteringar
Tini Garments AB	De minimis	Sprint X TVV De minimis	21151	2022-03-28	Åre kapitalmarknadsdagar, resa, boende samt deltagaravgift. (Kapital)
Dealpotential AB	De minimis	Sprint X TVV De minimis	19857	2022-03-28	Åre kapitalmarknadsdagar - resa, boende samt deltagaravgift. (Kapital)
DevUp Solution AB	De minimis	Movexum De minimis	19308	2022-03-28	Åre Business Forum
Digito Group AB	Bidrag	ALMI	50000	2022-02-28	Almi verifieringsmedel
Tini Garments AB	Excellensmedel	Vinnova Excellensmedel	60000	2022-02-20	IP strategi fas B och C - Eris Law
Digito Group AB	De minimis	Sprint X TVV De minimis	10000	2022-02-14	Sustainability Scale Up - Allies Workinar
La10cy AB	Excellensmedel	Vinnova Excellensmedel	20000	2022-02-08	IP Strategi fas A - Eris Law genomfört
Digito Group AB	Excellensmedel	Vinnova Excellensmedel	43965	2022-02-08	Juridiska tjänster, framtagande av avtal inkl GDPR. BondeBarzey.
Dealpotential AB	Excellensmedel	Vinnova Excellensmedel	8000	2022-02-08	Juridiskt stöd incitamentsprogram beviljat stöd 40 000kr
Samsara Selected AB	Lån	ALMI	200000	2022-01-02	Företagslån
Samsara Selected AB	Bidrag	ALMI	43000	2022-01-02	Verifieringscheck
Maria Engblom	Bidrag	ALMI	50000	2021-12-31
JE Marketplace AB	Lån	ALMI	300000	2021-12-31	Almi invest förinvestering
Tini Garments AB	Bidrag	ALMI	150000	2021-12-30	Almi innovationsstöd
Nitiu AB	De minimis	Movexum De minimis	40000	2021-12-08	Movexum de minimis Lindahls juridiskt stöd. Bolaget screenades som ej excellent bolag (ej Vinnovas målgruppsföretag) i juni 2021 och aktiviteterna faller då på de minimis.
Nitiu AB	De minimis	Movexum De minimis	5500	2021-11-23	Movexum de minimis Lindahls juridiskt stöd. Bolaget screenades som ej excellent bolag (ej Vinnovas målgruppsföretag) i juni 2021 och aktiviteterna faller då på de minimis.
Nitiu AB	De minimis	Movexum De minimis	47000	2021-11-23	Movexum de minimis Lindahls juridiskt stöd. Bolaget screenades som ej excellent bolag (ej Vinnovas målgruppsföretag) i juni 2021 och aktiviteterna faller då på de minimis.
DevUp Solution AB	De minimis	Movexum De minimis	10000	2021-11-15	Sustainability Scale Up
DevUp Solution AB	Excellensmedel	Vinnova Excellensmedel	32250	2021-11-09	Digitalt strategiarbete och digital marknadsföring med Nowa
JE Marketplace AB	Excellensmedel	Vinnova Excellensmedel	19500	2021-10-31	Affärsjuridik Stöd användarvillkor Lindahls
JE Marketplace AB	Bidrag	Annan (ange vilken)	1500000	2021-10-30	PTS pris
Limearc process AB	Excellensmedel	Vinnova Excellensmedel	70000	2021-10-26	IP strategi fas B o C - Rouse AB (byte av leverantör pga deep techbolag)
Lovisa of Sweden AB	Bidrag	Annan (ange vilken)	300000	2021-10-20	Skapa pris
Tini Garments AB	Excellensmedel	Vinnova Excellensmedel	30000	2021-10-03	Scenariovärdering  - Fintegrity
DevUp Solution AB	Excellensmedel	Vinnova Excellensmedel	62000	2021-09-15	Prisstrategi med Implity
JE Marketplace AB	Excellensmedel	Vinnova Excellensmedel	30000	2021-09-09	Scenario-värdering
Nitiu AB	Ägarkapital	Nyemission	2000000	2021-08-02
Limearc process AB	Excellensmedel	Vinnova Excellensmedel	15000	2021-07-13	Nyhetsgranskning - Rouse AB
JE Marketplace AB	De minimis	Sprint X TVV De minimis	5200	2021-06-30	Juridiskt stöd - Bonde barzey
Tini Garments AB	Excellensmedel	Vinnova Excellensmedel	27100	2021-06-15	Juridiskt stöd - Bonde Barzey
JE Marketplace AB	De minimis	Sprint X TVV De minimis	16980	2021-06-03	Juridiskt stöd Bonde barzey
JE Marketplace AB	De minimis	Sprint X TVV De minimis	3100	2021-05-26	Business review m Rebecka Karlsson inkl bok
Nitiu AB	De minimis	Sprint X TVV De minimis	3100	2021-05-26	Business review Rebecka Karlsson - Hållbarhet
AdMetals - Advanced metals AB	De minimis	Sprint X TVV De minimis	3196	2021-05-06	Business review Rebecka Karlsson inkl bok
Nitiu AB	De minimis	Vinnova Excellensmedel	20000	2021-04-25	Excellenscheck De minimis IP strategi Eris Law Bolaget uppfyller ej krav för statsstöd GBER artikel 22 men får ta emot de minimistöd inom excellensprogrammet
Nitiu AB	De minimis	Vinnova Excellensmedel	42800	2021-04-15	Excellenscheck De minimis Incitamentsprogram Bolaget uppfyller ej kraven för statsstöd Artikel 22 GBER men uppfyller kraven för de minimi inom ramen för Excellensprogrammet
DevUp Solution AB	Excellensmedel	Vinnova Excellensmedel	46920	2021-04-13	Licensavtal till kunder med Bonde Barzey
DevUp Solution AB	Bidrag	ALMI	50000	2021-03-30	Almi Verifieringsmedel för att göra verifieringsfilm
Lovisa of Sweden AB	Excellensmedel	Vinnova Excellensmedel	51890	2021-03-30	Juridiskt stöd Bonde Barzey
Lovisa of Sweden AB	Excellensmedel	Vinnova Excellensmedel	20000	2021-03-29	IP strategi fas A - Eris Law
DevUp Solution AB	Excellensmedel	Vinnova Excellensmedel	20000	2021-03-25	IP strategi steg 1 med Eris Law
Limearc process AB	Excellensmedel	Vinnova Excellensmedel	20000	2021-03-22	IP strategi fas A - Eris Law
Tini Garments AB	Excellensmedel	Vinnova Excellensmedel	20000	2021-03-22	IP Strategi FAS A
Tini Garments AB	Excellensmedel	Vinnova Excellensmedel	16050	2021-03-15	Juridiskt stöd - rådgivning - Bonde barzey
JE Marketplace AB	Excellensmedel	Vinnova Excellensmedel	30000	2021-03-11	GDPR affärsjuridik Lindahls
JE Marketplace AB	Excellensmedel	Vinnova Excellensmedel	20000	2021-03-11	Momsfrågor Lindahls affärsjuridisk tjänst
JE Marketplace AB	Excellensmedel	Vinnova Excellensmedel	60000	2021-01-09	Digital strategi Nowa
JE Marketplace AB	Bidrag	ALMI	150000	2020-12-30	Region Gävleborg 75000+25000 Almi 50 000
Limearc process AB	De minimis	Annan (ange vilken)	100000	2020-12-30	Region Gävleborg - Intressentanalys
Nitiu AB	De minimis	Sprint X TVV De minimis	15000	2020-09-30	Allies workinar - Hållbarhet
Nitiu AB	Ägarkapital	Nyemission	3622000	2020-05-31
Lovisa of Sweden AB	Bidrag	ALMI	100000	2020-03-27	Verifieringsmedel
Lovisa of Sweden AB	Bidrag	ALMI	200000	2018-01-02
